"image_path","label"
"/home/jh/Blog/dataset/val/cat/cat.2054.jpg","cat"
"/home/jh/Blog/dataset/val/cat/cat.2.jpg","cat"
"/home/jh/Blog/dataset/val/cat/cat.2778.jpg","cat"
"/home/jh/Blog/dataset/val/cat/cat.7958.jpg","cat"
"/home/jh/Blog/dataset/val/cat/cat.4149.jpg","cat"
"/home/jh/Blog/dataset/val/cat/cat.9267.jpg","cat"
"/home/jh/Blog/dataset/val/cat/cat.11794.jpg","cat"
"/home/jh/Blog/dataset/val/cat/cat.6600.jpg","cat"
"/home/jh/Blog/dataset/val/cat/cat.10664.jpg","cat"
"/home/jh/Blog/dataset/val/cat/cat.5750.jpg","cat"
"/home/jh/Blog/dataset/val/cat/cat.4617.jpg","cat"
"/home/jh/Blog/dataset/val/cat/cat.5115.jpg","cat"
"/home/jh/Blog/dataset/val/cat/cat.8606.jpg","cat"
"/home/jh/Blog/dataset/val/cat/cat.3608.jpg","cat"
"/home/jh/Blog/dataset/val/cat/cat.6474.jpg","cat"
"/home/jh/Blog/dataset/val/cat/cat.4379.jpg","cat"
"/home/jh/Blog/dataset/val/cat/cat.3787.jpg","cat"
"/home/jh/Blog/dataset/val/cat/cat.11246.jpg","cat"
"/home/jh/Blog/dataset/val/cat/cat.1407.jpg","cat"
"/home/jh/Blog/dataset/val/cat/cat.7157.jpg","cat"
"/home/jh/Blog/dataset/val/cat/cat.8728.jpg","cat"
"/home/jh/Blog/dataset/val/cat/cat.6091.jpg","cat"
"/home/jh/Blog/dataset/val/cat/cat.975.jpg","cat"
"/home/jh/Blog/dataset/val/cat/cat.8486.jpg","cat"
"/home/jh/Blog/dataset/val/cat/cat.4646.jpg","cat"
"/home/jh/Blog/dataset/val/cat/cat.10967.jpg","cat"
"/home/jh/Blog/dataset/val/cat/cat.3659.jpg","cat"
"/home/jh/Blog/dataset/val/cat/cat.316.jpg","cat"
"/home/jh/Blog/dataset/val/cat/cat.390.jpg","dog"
"/home/jh/Blog/dataset/val/cat/cat.2780.jpg","cat"
"/home/jh/Blog/dataset/val/cat/cat.9449.jpg","cat"
"/home/jh/Blog/dataset/val/cat/cat.6572.jpg","cat"
"/home/jh/Blog/dataset/val/cat/cat.5373.jpg","cat"
"/home/jh/Blog/dataset/val/cat/cat.12074.jpg","cat"
"/home/jh/Blog/dataset/val/cat/cat.1911.jpg","cat"
"/home/jh/Blog/dataset/val/cat/cat.9939.jpg","cat"
"/home/jh/Blog/dataset/val/cat/cat.2116.jpg","cat"
"/home/jh/Blog/dataset/val/cat/cat.7671.jpg","cat"
"/home/jh/Blog/dataset/val/cat/cat.4454.jpg","cat"
"/home/jh/Blog/dataset/val/cat/cat.12174.jpg","cat"
"/home/jh/Blog/dataset/val/cat/cat.5497.jpg","cat"
"/home/jh/Blog/dataset/val/cat/cat.3301.jpg","cat"
"/home/jh/Blog/dataset/val/cat/cat.12113.jpg","cat"
"/home/jh/Blog/dataset/val/cat/cat.2802.jpg","cat"
"/home/jh/Blog/dataset/val/cat/cat.6084.jpg","dog"
"/home/jh/Blog/dataset/val/cat/cat.9272.jpg","cat"
"/home/jh/Blog/dataset/val/cat/cat.11964.jpg","cat"
"/home/jh/Blog/dataset/val/cat/cat.9515.jpg","cat"
"/home/jh/Blog/dataset/val/cat/cat.6255.jpg","cat"
"/home/jh/Blog/dataset/val/cat/cat.5101.jpg","cat"
"/home/jh/Blog/dataset/val/cat/cat.11233.jpg","cat"
"/home/jh/Blog/dataset/val/cat/cat.6840.jpg","cat"
"/home/jh/Blog/dataset/val/cat/cat.6159.jpg","cat"
"/home/jh/Blog/dataset/val/cat/cat.1338.jpg","cat"
"/home/jh/Blog/dataset/val/cat/cat.5098.jpg","cat"
"/home/jh/Blog/dataset/val/cat/cat.4245.jpg","cat"
"/home/jh/Blog/dataset/val/cat/cat.8083.jpg","cat"
"/home/jh/Blog/dataset/val/cat/cat.6570.jpg","cat"
"/home/jh/Blog/dataset/val/cat/cat.615.jpg","cat"
"/home/jh/Blog/dataset/val/cat/cat.6101.jpg","cat"
"/home/jh/Blog/dataset/val/cat/cat.7225.jpg","cat"
"/home/jh/Blog/dataset/val/cat/cat.3663.jpg","cat"
"/home/jh/Blog/dataset/val/cat/cat.8458.jpg","cat"
"/home/jh/Blog/dataset/val/cat/cat.5289.jpg","cat"
"/home/jh/Blog/dataset/val/cat/cat.136.jpg","cat"
"/home/jh/Blog/dataset/val/cat/cat.1856.jpg","cat"
"/home/jh/Blog/dataset/val/cat/cat.5293.jpg","cat"
"/home/jh/Blog/dataset/val/cat/cat.8861.jpg","cat"
"/home/jh/Blog/dataset/val/cat/cat.1435.jpg","cat"
"/home/jh/Blog/dataset/val/cat/cat.10836.jpg","cat"
"/home/jh/Blog/dataset/val/cat/cat.9015.jpg","cat"
"/home/jh/Blog/dataset/val/cat/cat.11766.jpg","cat"
"/home/jh/Blog/dataset/val/cat/cat.9163.jpg","cat"
"/home/jh/Blog/dataset/val/cat/cat.12279.jpg","cat"
"/home/jh/Blog/dataset/val/cat/cat.9537.jpg","cat"
"/home/jh/Blog/dataset/val/cat/cat.2959.jpg","cat"
"/home/jh/Blog/dataset/val/cat/cat.10109.jpg","cat"
"/home/jh/Blog/dataset/val/cat/cat.10667.jpg","cat"
"/home/jh/Blog/dataset/val/cat/cat.3109.jpg","cat"
"/home/jh/Blog/dataset/val/cat/cat.5729.jpg","cat"
"/home/jh/Blog/dataset/val/cat/cat.5713.jpg","cat"
"/home/jh/Blog/dataset/val/cat/cat.6397.jpg","cat"
"/home/jh/Blog/dataset/val/cat/cat.9485.jpg","cat"
"/home/jh/Blog/dataset/val/cat/cat.12200.jpg","cat"
"/home/jh/Blog/dataset/val/cat/cat.7187.jpg","cat"
"/home/jh/Blog/dataset/val/cat/cat.10379.jpg","cat"
"/home/jh/Blog/dataset/val/cat/cat.10993.jpg","cat"
"/home/jh/Blog/dataset/val/cat/cat.7821.jpg","cat"
"/home/jh/Blog/dataset/val/cat/cat.192.jpg","cat"
"/home/jh/Blog/dataset/val/cat/cat.735.jpg","cat"
"/home/jh/Blog/dataset/val/cat/cat.6302.jpg","cat"
"/home/jh/Blog/dataset/val/cat/cat.5812.jpg","cat"
"/home/jh/Blog/dataset/val/cat/cat.12042.jpg","cat"
"/home/jh/Blog/dataset/val/cat/cat.9120.jpg","cat"
"/home/jh/Blog/dataset/val/cat/cat.3933.jpg","cat"
"/home/jh/Blog/dataset/val/cat/cat.8268.jpg","cat"
"/home/jh/Blog/dataset/val/cat/cat.7547.jpg","cat"
"/home/jh/Blog/dataset/val/cat/cat.651.jpg","cat"
"/home/jh/Blog/dataset/val/cat/cat.7765.jpg","cat"
"/home/jh/Blog/dataset/val/cat/cat.9300.jpg","cat"
"/home/jh/Blog/dataset/val/cat/cat.5761.jpg","cat"
"/home/jh/Blog/dataset/val/cat/cat.11214.jpg","cat"
"/home/jh/Blog/dataset/val/cat/cat.8947.jpg","cat"
"/home/jh/Blog/dataset/val/cat/cat.11090.jpg","cat"
"/home/jh/Blog/dataset/val/cat/cat.8120.jpg","cat"
"/home/jh/Blog/dataset/val/cat/cat.10541.jpg","cat"
"/home/jh/Blog/dataset/val/cat/cat.8721.jpg","cat"
"/home/jh/Blog/dataset/val/cat/cat.9686.jpg","cat"
"/home/jh/Blog/dataset/val/cat/cat.7475.jpg","cat"
"/home/jh/Blog/dataset/val/cat/cat.12176.jpg","cat"
"/home/jh/Blog/dataset/val/cat/cat.8276.jpg","cat"
"/home/jh/Blog/dataset/val/cat/cat.1560.jpg","cat"
"/home/jh/Blog/dataset/val/cat/cat.9473.jpg","cat"
"/home/jh/Blog/dataset/val/cat/cat.5030.jpg","cat"
"/home/jh/Blog/dataset/val/cat/cat.4985.jpg","cat"
"/home/jh/Blog/dataset/val/cat/cat.3383.jpg","cat"
"/home/jh/Blog/dataset/val/cat/cat.91.jpg","cat"
"/home/jh/Blog/dataset/val/cat/cat.3583.jpg","cat"
"/home/jh/Blog/dataset/val/cat/cat.6456.jpg","cat"
"/home/jh/Blog/dataset/val/cat/cat.5413.jpg","cat"
"/home/jh/Blog/dataset/val/cat/cat.7740.jpg","cat"
"/home/jh/Blog/dataset/val/cat/cat.3356.jpg","cat"
"/home/jh/Blog/dataset/val/cat/cat.1193.jpg","cat"
"/home/jh/Blog/dataset/val/cat/cat.4890.jpg","cat"
"/home/jh/Blog/dataset/val/cat/cat.9569.jpg","cat"
"/home/jh/Blog/dataset/val/cat/cat.8844.jpg","cat"
"/home/jh/Blog/dataset/val/cat/cat.9409.jpg","cat"
"/home/jh/Blog/dataset/val/cat/cat.2302.jpg","cat"
"/home/jh/Blog/dataset/val/cat/cat.3453.jpg","cat"
"/home/jh/Blog/dataset/val/cat/cat.5526.jpg","cat"
"/home/jh/Blog/dataset/val/cat/cat.5741.jpg","cat"
"/home/jh/Blog/dataset/val/cat/cat.4088.jpg","cat"
"/home/jh/Blog/dataset/val/cat/cat.5746.jpg","cat"
"/home/jh/Blog/dataset/val/cat/cat.8605.jpg","cat"
"/home/jh/Blog/dataset/val/cat/cat.5978.jpg","cat"
"/home/jh/Blog/dataset/val/cat/cat.1756.jpg","cat"
"/home/jh/Blog/dataset/val/cat/cat.1501.jpg","cat"
"/home/jh/Blog/dataset/val/cat/cat.11375.jpg","cat"
"/home/jh/Blog/dataset/val/cat/cat.7340.jpg","cat"
"/home/jh/Blog/dataset/val/cat/cat.5801.jpg","cat"
"/home/jh/Blog/dataset/val/cat/cat.2770.jpg","cat"
"/home/jh/Blog/dataset/val/cat/cat.1292.jpg","cat"
"/home/jh/Blog/dataset/val/cat/cat.3374.jpg","cat"
"/home/jh/Blog/dataset/val/cat/cat.3759.jpg","dog"
"/home/jh/Blog/dataset/val/cat/cat.731.jpg","cat"
"/home/jh/Blog/dataset/val/cat/cat.11122.jpg","cat"
"/home/jh/Blog/dataset/val/cat/cat.8084.jpg","cat"
"/home/jh/Blog/dataset/val/cat/cat.2263.jpg","cat"
"/home/jh/Blog/dataset/val/cat/cat.11156.jpg","cat"
"/home/jh/Blog/dataset/val/cat/cat.5971.jpg","cat"
"/home/jh/Blog/dataset/val/cat/cat.3838.jpg","cat"
"/home/jh/Blog/dataset/val/cat/cat.10384.jpg","cat"
"/home/jh/Blog/dataset/val/cat/cat.7586.jpg","cat"
"/home/jh/Blog/dataset/val/cat/cat.9085.jpg","cat"
"/home/jh/Blog/dataset/val/cat/cat.7060.jpg","cat"
"/home/jh/Blog/dataset/val/cat/cat.8393.jpg","cat"
"/home/jh/Blog/dataset/val/cat/cat.12026.jpg","cat"
"/home/jh/Blog/dataset/val/cat/cat.9249.jpg","cat"
"/home/jh/Blog/dataset/val/cat/cat.9530.jpg","cat"
"/home/jh/Blog/dataset/val/cat/cat.8115.jpg","cat"
"/home/jh/Blog/dataset/val/cat/cat.8614.jpg","cat"
"/home/jh/Blog/dataset/val/cat/cat.1051.jpg","cat"
"/home/jh/Blog/dataset/val/cat/cat.6140.jpg","cat"
"/home/jh/Blog/dataset/val/cat/cat.6437.jpg","cat"
"/home/jh/Blog/dataset/val/cat/cat.9621.jpg","cat"
"/home/jh/Blog/dataset/val/cat/cat.9131.jpg","cat"
"/home/jh/Blog/dataset/val/cat/cat.9095.jpg","cat"
"/home/jh/Blog/dataset/val/cat/cat.6064.jpg","cat"
"/home/jh/Blog/dataset/val/cat/cat.8085.jpg","cat"
"/home/jh/Blog/dataset/val/cat/cat.3906.jpg","cat"
"/home/jh/Blog/dataset/val/cat/cat.3828.jpg","dog"
"/home/jh/Blog/dataset/val/cat/cat.11084.jpg","cat"
"/home/jh/Blog/dataset/val/cat/cat.4670.jpg","cat"
"/home/jh/Blog/dataset/val/cat/cat.692.jpg","cat"
"/home/jh/Blog/dataset/val/cat/cat.8708.jpg","cat"
"/home/jh/Blog/dataset/val/cat/cat.9091.jpg","cat"
"/home/jh/Blog/dataset/val/cat/cat.4159.jpg","cat"
"/home/jh/Blog/dataset/val/cat/cat.1271.jpg","cat"
"/home/jh/Blog/dataset/val/cat/cat.4882.jpg","cat"
"/home/jh/Blog/dataset/val/cat/cat.1039.jpg","cat"
"/home/jh/Blog/dataset/val/cat/cat.10570.jpg","cat"
"/home/jh/Blog/dataset/val/cat/cat.7048.jpg","cat"
"/home/jh/Blog/dataset/val/cat/cat.11072.jpg","cat"
"/home/jh/Blog/dataset/val/cat/cat.2072.jpg","cat"
"/home/jh/Blog/dataset/val/cat/cat.6609.jpg","cat"
"/home/jh/Blog/dataset/val/cat/cat.2319.jpg","cat"
"/home/jh/Blog/dataset/val/cat/cat.2295.jpg","cat"
"/home/jh/Blog/dataset/val/cat/cat.12319.jpg","cat"
"/home/jh/Blog/dataset/val/cat/cat.6388.jpg","cat"
"/home/jh/Blog/dataset/val/cat/cat.6317.jpg","cat"
"/home/jh/Blog/dataset/val/cat/cat.523.jpg","cat"
"/home/jh/Blog/dataset/val/cat/cat.9052.jpg","cat"
"/home/jh/Blog/dataset/val/cat/cat.3018.jpg","cat"
"/home/jh/Blog/dataset/val/cat/cat.3747.jpg","cat"
"/home/jh/Blog/dataset/val/cat/cat.8832.jpg","cat"
"/home/jh/Blog/dataset/val/cat/cat.1618.jpg","cat"
"/home/jh/Blog/dataset/val/cat/cat.10989.jpg","cat"
"/home/jh/Blog/dataset/val/cat/cat.4556.jpg","cat"
"/home/jh/Blog/dataset/val/cat/cat.4448.jpg","cat"
"/home/jh/Blog/dataset/val/cat/cat.2967.jpg","cat"
"/home/jh/Blog/dataset/val/cat/cat.3484.jpg","cat"
"/home/jh/Blog/dataset/val/cat/cat.9264.jpg","cat"
"/home/jh/Blog/dataset/val/cat/cat.1413.jpg","cat"
"/home/jh/Blog/dataset/val/cat/cat.2515.jpg","cat"
"/home/jh/Blog/dataset/val/cat/cat.8737.jpg","cat"
"/home/jh/Blog/dataset/val/cat/cat.6756.jpg","cat"
"/home/jh/Blog/dataset/val/cat/cat.1239.jpg","cat"
"/home/jh/Blog/dataset/val/cat/cat.2680.jpg","cat"
"/home/jh/Blog/dataset/val/cat/cat.2760.jpg","cat"
"/home/jh/Blog/dataset/val/cat/cat.4276.jpg","cat"
"/home/jh/Blog/dataset/val/cat/cat.6662.jpg","cat"
"/home/jh/Blog/dataset/val/cat/cat.7328.jpg","cat"
"/home/jh/Blog/dataset/val/cat/cat.8431.jpg","cat"
"/home/jh/Blog/dataset/val/cat/cat.949.jpg","cat"
"/home/jh/Blog/dataset/val/cat/cat.11296.jpg","cat"
"/home/jh/Blog/dataset/val/cat/cat.6313.jpg","cat"
"/home/jh/Blog/dataset/val/cat/cat.10241.jpg","cat"
"/home/jh/Blog/dataset/val/cat/cat.11022.jpg","cat"
"/home/jh/Blog/dataset/val/cat/cat.1862.jpg","cat"
"/home/jh/Blog/dataset/val/cat/cat.11910.jpg","cat"
"/home/jh/Blog/dataset/val/cat/cat.7759.jpg","cat"
"/home/jh/Blog/dataset/val/cat/cat.4441.jpg","cat"
"/home/jh/Blog/dataset/val/cat/cat.7502.jpg","cat"
"/home/jh/Blog/dataset/val/cat/cat.4010.jpg","cat"
"/home/jh/Blog/dataset/val/cat/cat.3682.jpg","cat"
"/home/jh/Blog/dataset/val/cat/cat.727.jpg","cat"
"/home/jh/Blog/dataset/val/cat/cat.6742.jpg","cat"
"/home/jh/Blog/dataset/val/cat/cat.7863.jpg","cat"
"/home/jh/Blog/dataset/val/cat/cat.8972.jpg","cat"
"/home/jh/Blog/dataset/val/cat/cat.12222.jpg","cat"
"/home/jh/Blog/dataset/val/cat/cat.4913.jpg","cat"
"/home/jh/Blog/dataset/val/cat/cat.625.jpg","cat"
"/home/jh/Blog/dataset/val/cat/cat.10074.jpg","cat"
"/home/jh/Blog/dataset/val/cat/cat.7396.jpg","cat"
"/home/jh/Blog/dataset/val/cat/cat.10701.jpg","cat"
"/home/jh/Blog/dataset/val/cat/cat.11165.jpg","cat"
"/home/jh/Blog/dataset/val/cat/cat.6511.jpg","cat"
"/home/jh/Blog/dataset/val/cat/cat.5340.jpg","cat"
"/home/jh/Blog/dataset/val/cat/cat.9339.jpg","cat"
"/home/jh/Blog/dataset/val/cat/cat.4168.jpg","cat"
"/home/jh/Blog/dataset/val/cat/cat.3902.jpg","cat"
"/home/jh/Blog/dataset/val/cat/cat.7564.jpg","cat"
"/home/jh/Blog/dataset/val/cat/cat.10804.jpg","cat"
"/home/jh/Blog/dataset/val/cat/cat.3642.jpg","cat"
"/home/jh/Blog/dataset/val/cat/cat.10894.jpg","cat"
"/home/jh/Blog/dataset/val/cat/cat.8585.jpg","cat"
"/home/jh/Blog/dataset/val/cat/cat.11925.jpg","cat"
"/home/jh/Blog/dataset/val/cat/cat.3754.jpg","cat"
"/home/jh/Blog/dataset/val/cat/cat.836.jpg","cat"
"/home/jh/Blog/dataset/val/cat/cat.6246.jpg","cat"
"/home/jh/Blog/dataset/val/cat/cat.4303.jpg","cat"
"/home/jh/Blog/dataset/val/cat/cat.5310.jpg","cat"
"/home/jh/Blog/dataset/val/cat/cat.3364.jpg","cat"
"/home/jh/Blog/dataset/val/cat/cat.7059.jpg","cat"
"/home/jh/Blog/dataset/val/cat/cat.6925.jpg","cat"
"/home/jh/Blog/dataset/val/cat/cat.7162.jpg","cat"
"/home/jh/Blog/dataset/val/cat/cat.5804.jpg","cat"
"/home/jh/Blog/dataset/val/cat/cat.11679.jpg","cat"
"/home/jh/Blog/dataset/val/cat/cat.3609.jpg","cat"
"/home/jh/Blog/dataset/val/cat/cat.5834.jpg","cat"
"/home/jh/Blog/dataset/val/cat/cat.10536.jpg","cat"
"/home/jh/Blog/dataset/val/cat/cat.5281.jpg","cat"
"/home/jh/Blog/dataset/val/cat/cat.2311.jpg","cat"
"/home/jh/Blog/dataset/val/cat/cat.3189.jpg","cat"
"/home/jh/Blog/dataset/val/cat/cat.7718.jpg","cat"
"/home/jh/Blog/dataset/val/cat/cat.6095.jpg","cat"
"/home/jh/Blog/dataset/val/cat/cat.3074.jpg","cat"
"/home/jh/Blog/dataset/val/cat/cat.8714.jpg","cat"
"/home/jh/Blog/dataset/val/cat/cat.9831.jpg","cat"
"/home/jh/Blog/dataset/val/cat/cat.11324.jpg","cat"
"/home/jh/Blog/dataset/val/cat/cat.3106.jpg","cat"
"/home/jh/Blog/dataset/val/cat/cat.11424.jpg","cat"
"/home/jh/Blog/dataset/val/cat/cat.5007.jpg","cat"
"/home/jh/Blog/dataset/val/cat/cat.5888.jpg","cat"
"/home/jh/Blog/dataset/val/cat/cat.4449.jpg","cat"
"/home/jh/Blog/dataset/val/cat/cat.12387.jpg","cat"
"/home/jh/Blog/dataset/val/cat/cat.10842.jpg","cat"
"/home/jh/Blog/dataset/val/cat/cat.2646.jpg","cat"
"/home/jh/Blog/dataset/val/cat/cat.7664.jpg","cat"
"/home/jh/Blog/dataset/val/cat/cat.7751.jpg","cat"
"/home/jh/Blog/dataset/val/cat/cat.1116.jpg","cat"
"/home/jh/Blog/dataset/val/cat/cat.6958.jpg","cat"
"/home/jh/Blog/dataset/val/cat/cat.8198.jpg","cat"
"/home/jh/Blog/dataset/val/cat/cat.10927.jpg","cat"
"/home/jh/Blog/dataset/val/cat/cat.9830.jpg","cat"
"/home/jh/Blog/dataset/val/cat/cat.3136.jpg","cat"
"/home/jh/Blog/dataset/val/cat/cat.9222.jpg","cat"
"/home/jh/Blog/dataset/val/cat/cat.11255.jpg","cat"
"/home/jh/Blog/dataset/val/cat/cat.9443.jpg","cat"
"/home/jh/Blog/dataset/val/cat/cat.8767.jpg","cat"
"/home/jh/Blog/dataset/val/cat/cat.11617.jpg","cat"
"/home/jh/Blog/dataset/val/cat/cat.12317.jpg","cat"
"/home/jh/Blog/dataset/val/cat/cat.5919.jpg","cat"
"/home/jh/Blog/dataset/val/cat/cat.3650.jpg","cat"
"/home/jh/Blog/dataset/val/cat/cat.9446.jpg","cat"
"/home/jh/Blog/dataset/val/cat/cat.12082.jpg","cat"
"/home/jh/Blog/dataset/val/cat/cat.7635.jpg","cat"
"/home/jh/Blog/dataset/val/cat/cat.3850.jpg","cat"
"/home/jh/Blog/dataset/val/cat/cat.9584.jpg","cat"
"/home/jh/Blog/dataset/val/cat/cat.9036.jpg","cat"
"/home/jh/Blog/dataset/val/cat/cat.8274.jpg","cat"
"/home/jh/Blog/dataset/val/cat/cat.3726.jpg","cat"
"/home/jh/Blog/dataset/val/cat/cat.9865.jpg","cat"
"/home/jh/Blog/dataset/val/cat/cat.2746.jpg","cat"
"/home/jh/Blog/dataset/val/cat/cat.10551.jpg","cat"
"/home/jh/Blog/dataset/val/cat/cat.3342.jpg","cat"
"/home/jh/Blog/dataset/val/cat/cat.12253.jpg","cat"
"/home/jh/Blog/dataset/val/cat/cat.7111.jpg","dog"
"/home/jh/Blog/dataset/val/cat/cat.2488.jpg","cat"
"/home/jh/Blog/dataset/val/cat/cat.9632.jpg","cat"
"/home/jh/Blog/dataset/val/cat/cat.7265.jpg","cat"
"/home/jh/Blog/dataset/val/cat/cat.9866.jpg","cat"
"/home/jh/Blog/dataset/val/cat/cat.11749.jpg","cat"
"/home/jh/Blog/dataset/val/cat/cat.5859.jpg","cat"
"/home/jh/Blog/dataset/val/cat/cat.10449.jpg","cat"
"/home/jh/Blog/dataset/val/cat/cat.6614.jpg","dog"
"/home/jh/Blog/dataset/val/cat/cat.6856.jpg","cat"
"/home/jh/Blog/dataset/val/cat/cat.5501.jpg","cat"
"/home/jh/Blog/dataset/val/cat/cat.1293.jpg","cat"
"/home/jh/Blog/dataset/val/cat/cat.703.jpg","cat"
"/home/jh/Blog/dataset/val/cat/cat.2981.jpg","cat"
"/home/jh/Blog/dataset/val/cat/cat.3576.jpg","cat"
"/home/jh/Blog/dataset/val/cat/cat.12213.jpg","cat"
"/home/jh/Blog/dataset/val/cat/cat.11881.jpg","cat"
"/home/jh/Blog/dataset/val/cat/cat.2251.jpg","cat"
"/home/jh/Blog/dataset/val/cat/cat.1683.jpg","cat"
"/home/jh/Blog/dataset/val/cat/cat.6275.jpg","cat"
"/home/jh/Blog/dataset/val/cat/cat.3298.jpg","cat"
"/home/jh/Blog/dataset/val/cat/cat.64.jpg","cat"
"/home/jh/Blog/dataset/val/cat/cat.4393.jpg","cat"
"/home/jh/Blog/dataset/val/cat/cat.938.jpg","cat"
"/home/jh/Blog/dataset/val/cat/cat.9562.jpg","cat"
"/home/jh/Blog/dataset/val/cat/cat.2586.jpg","cat"
"/home/jh/Blog/dataset/val/cat/cat.3924.jpg","cat"
"/home/jh/Blog/dataset/val/cat/cat.10087.jpg","cat"
"/home/jh/Blog/dataset/val/cat/cat.5033.jpg","cat"
"/home/jh/Blog/dataset/val/cat/cat.11390.jpg","cat"
"/home/jh/Blog/dataset/val/cat/cat.3692.jpg","cat"
"/home/jh/Blog/dataset/val/cat/cat.6347.jpg","cat"
"/home/jh/Blog/dataset/val/cat/cat.7266.jpg","cat"
"/home/jh/Blog/dataset/val/cat/cat.10700.jpg","dog"
"/home/jh/Blog/dataset/val/cat/cat.10277.jpg","cat"
"/home/jh/Blog/dataset/val/cat/cat.10825.jpg","cat"
"/home/jh/Blog/dataset/val/cat/cat.8602.jpg","cat"
"/home/jh/Blog/dataset/val/cat/cat.7202.jpg","cat"
"/home/jh/Blog/dataset/val/cat/cat.8066.jpg","cat"
"/home/jh/Blog/dataset/val/cat/cat.11696.jpg","cat"
"/home/jh/Blog/dataset/val/cat/cat.9592.jpg","cat"
"/home/jh/Blog/dataset/val/cat/cat.9466.jpg","cat"
"/home/jh/Blog/dataset/val/cat/cat.10769.jpg","cat"
"/home/jh/Blog/dataset/val/cat/cat.8532.jpg","cat"
"/home/jh/Blog/dataset/val/cat/cat.12438.jpg","cat"
"/home/jh/Blog/dataset/val/cat/cat.2938.jpg","cat"
"/home/jh/Blog/dataset/val/cat/cat.3096.jpg","cat"
"/home/jh/Blog/dataset/val/cat/cat.1608.jpg","cat"
"/home/jh/Blog/dataset/val/cat/cat.12025.jpg","cat"
"/home/jh/Blog/dataset/val/cat/cat.4907.jpg","cat"
"/home/jh/Blog/dataset/val/cat/cat.1509.jpg","cat"
"/home/jh/Blog/dataset/val/cat/cat.9079.jpg","cat"
"/home/jh/Blog/dataset/val/cat/cat.1926.jpg","cat"
"/home/jh/Blog/dataset/val/cat/cat.11972.jpg","cat"
"/home/jh/Blog/dataset/val/cat/cat.2936.jpg","cat"
"/home/jh/Blog/dataset/val/cat/cat.916.jpg","cat"
"/home/jh/Blog/dataset/val/cat/cat.1281.jpg","cat"
"/home/jh/Blog/dataset/val/cat/cat.500.jpg","cat"
"/home/jh/Blog/dataset/val/cat/cat.6792.jpg","cat"
"/home/jh/Blog/dataset/val/cat/cat.65.jpg","cat"
"/home/jh/Blog/dataset/val/cat/cat.5557.jpg","cat"
"/home/jh/Blog/dataset/val/cat/cat.11901.jpg","cat"
"/home/jh/Blog/dataset/val/cat/cat.10755.jpg","cat"
"/home/jh/Blog/dataset/val/cat/cat.5362.jpg","cat"
"/home/jh/Blog/dataset/val/cat/cat.6518.jpg","cat"
"/home/jh/Blog/dataset/val/cat/cat.3310.jpg","cat"
"/home/jh/Blog/dataset/val/cat/cat.68.jpg","cat"
"/home/jh/Blog/dataset/val/cat/cat.3505.jpg","cat"
"/home/jh/Blog/dataset/val/cat/cat.3951.jpg","cat"
"/home/jh/Blog/dataset/val/cat/cat.8738.jpg","cat"
"/home/jh/Blog/dataset/val/cat/cat.11199.jpg","cat"
"/home/jh/Blog/dataset/val/cat/cat.7178.jpg","cat"
"/home/jh/Blog/dataset/val/cat/cat.11107.jpg","cat"
"/home/jh/Blog/dataset/val/cat/cat.6338.jpg","cat"
"/home/jh/Blog/dataset/val/cat/cat.1727.jpg","cat"
"/home/jh/Blog/dataset/val/cat/cat.10642.jpg","cat"
"/home/jh/Blog/dataset/val/cat/cat.8810.jpg","cat"
"/home/jh/Blog/dataset/val/cat/cat.6497.jpg","cat"
"/home/jh/Blog/dataset/val/cat/cat.4891.jpg","cat"
"/home/jh/Blog/dataset/val/cat/cat.11420.jpg","cat"
"/home/jh/Blog/dataset/val/cat/cat.8022.jpg","cat"
"/home/jh/Blog/dataset/val/cat/cat.6232.jpg","cat"
"/home/jh/Blog/dataset/val/cat/cat.11059.jpg","cat"
"/home/jh/Blog/dataset/val/cat/cat.9517.jpg","cat"
"/home/jh/Blog/dataset/val/cat/cat.10116.jpg","cat"
"/home/jh/Blog/dataset/val/cat/cat.7227.jpg","cat"
"/home/jh/Blog/dataset/val/cat/cat.6124.jpg","cat"
"/home/jh/Blog/dataset/val/cat/cat.8202.jpg","cat"
"/home/jh/Blog/dataset/val/cat/cat.11607.jpg","dog"
"/home/jh/Blog/dataset/val/cat/cat.6974.jpg","cat"
"/home/jh/Blog/dataset/val/cat/cat.12024.jpg","cat"
"/home/jh/Blog/dataset/val/cat/cat.8747.jpg","cat"
"/home/jh/Blog/dataset/val/cat/cat.10414.jpg","cat"
"/home/jh/Blog/dataset/val/cat/cat.11144.jpg","cat"
"/home/jh/Blog/dataset/val/cat/cat.2521.jpg","cat"
"/home/jh/Blog/dataset/val/cat/cat.4346.jpg","cat"
"/home/jh/Blog/dataset/val/cat/cat.11268.jpg","cat"
"/home/jh/Blog/dataset/val/cat/cat.4546.jpg","cat"
"/home/jh/Blog/dataset/val/cat/cat.11459.jpg","cat"
"/home/jh/Blog/dataset/val/cat/cat.850.jpg","cat"
"/home/jh/Blog/dataset/val/cat/cat.2274.jpg","cat"
"/home/jh/Blog/dataset/val/cat/cat.9374.jpg","cat"
"/home/jh/Blog/dataset/val/cat/cat.8901.jpg","cat"
"/home/jh/Blog/dataset/val/cat/cat.7559.jpg","cat"
"/home/jh/Blog/dataset/val/cat/cat.7707.jpg","dog"
"/home/jh/Blog/dataset/val/cat/cat.9847.jpg","cat"
"/home/jh/Blog/dataset/val/cat/cat.6348.jpg","cat"
"/home/jh/Blog/dataset/val/cat/cat.2992.jpg","cat"
"/home/jh/Blog/dataset/val/cat/cat.9614.jpg","cat"
"/home/jh/Blog/dataset/val/cat/cat.2434.jpg","cat"
"/home/jh/Blog/dataset/val/cat/cat.10751.jpg","cat"
"/home/jh/Blog/dataset/val/cat/cat.11593.jpg","cat"
"/home/jh/Blog/dataset/val/cat/cat.1223.jpg","cat"
"/home/jh/Blog/dataset/val/cat/cat.2951.jpg","cat"
"/home/jh/Blog/dataset/val/cat/cat.5367.jpg","cat"
"/home/jh/Blog/dataset/val/cat/cat.12385.jpg","cat"
"/home/jh/Blog/dataset/val/cat/cat.7916.jpg","cat"
"/home/jh/Blog/dataset/val/cat/cat.10019.jpg","cat"
"/home/jh/Blog/dataset/val/cat/cat.12032.jpg","cat"
"/home/jh/Blog/dataset/val/cat/cat.9197.jpg","cat"
"/home/jh/Blog/dataset/val/cat/cat.7634.jpg","cat"
"/home/jh/Blog/dataset/val/cat/cat.1120.jpg","cat"
"/home/jh/Blog/dataset/val/cat/cat.6264.jpg","cat"
"/home/jh/Blog/dataset/val/cat/cat.9225.jpg","cat"
"/home/jh/Blog/dataset/val/cat/cat.3970.jpg","cat"
"/home/jh/Blog/dataset/val/cat/cat.12023.jpg","cat"
"/home/jh/Blog/dataset/val/cat/cat.6758.jpg","cat"
"/home/jh/Blog/dataset/val/cat/cat.4576.jpg","cat"
"/home/jh/Blog/dataset/val/cat/cat.5389.jpg","cat"
"/home/jh/Blog/dataset/val/cat/cat.8445.jpg","cat"
"/home/jh/Blog/dataset/val/cat/cat.6118.jpg","cat"
"/home/jh/Blog/dataset/val/cat/cat.10766.jpg","cat"
"/home/jh/Blog/dataset/val/cat/cat.7789.jpg","cat"
"/home/jh/Blog/dataset/val/cat/cat.6229.jpg","cat"
"/home/jh/Blog/dataset/val/cat/cat.499.jpg","cat"
"/home/jh/Blog/dataset/val/cat/cat.6988.jpg","cat"
"/home/jh/Blog/dataset/val/cat/cat.4252.jpg","cat"
"/home/jh/Blog/dataset/val/cat/cat.10303.jpg","cat"
"/home/jh/Blog/dataset/val/cat/cat.5127.jpg","cat"
"/home/jh/Blog/dataset/val/cat/cat.4094.jpg","cat"
"/home/jh/Blog/dataset/val/cat/cat.5406.jpg","cat"
"/home/jh/Blog/dataset/val/cat/cat.4139.jpg","cat"
"/home/jh/Blog/dataset/val/cat/cat.11291.jpg","cat"
"/home/jh/Blog/dataset/val/cat/cat.6467.jpg","cat"
"/home/jh/Blog/dataset/val/cat/cat.962.jpg","cat"
"/home/jh/Blog/dataset/val/cat/cat.6341.jpg","cat"
"/home/jh/Blog/dataset/val/cat/cat.2463.jpg","cat"
"/home/jh/Blog/dataset/val/cat/cat.9786.jpg","cat"
"/home/jh/Blog/dataset/val/cat/cat.6183.jpg","cat"
"/home/jh/Blog/dataset/val/cat/cat.12454.jpg","cat"
"/home/jh/Blog/dataset/val/cat/cat.2020.jpg","cat"
"/home/jh/Blog/dataset/val/cat/cat.4855.jpg","cat"
"/home/jh/Blog/dataset/val/cat/cat.3456.jpg","cat"
"/home/jh/Blog/dataset/val/cat/cat.9650.jpg","cat"
"/home/jh/Blog/dataset/val/cat/cat.3832.jpg","cat"
"/home/jh/Blog/dataset/val/cat/cat.1430.jpg","cat"
"/home/jh/Blog/dataset/val/cat/cat.8236.jpg","cat"
"/home/jh/Blog/dataset/val/cat/cat.3947.jpg","cat"
"/home/jh/Blog/dataset/val/cat/cat.9710.jpg","cat"
"/home/jh/Blog/dataset/val/cat/cat.2428.jpg","cat"
"/home/jh/Blog/dataset/val/cat/cat.767.jpg","cat"
"/home/jh/Blog/dataset/val/cat/cat.3409.jpg","cat"
"/home/jh/Blog/dataset/val/cat/cat.4921.jpg","cat"
"/home/jh/Blog/dataset/val/cat/cat.12193.jpg","cat"
"/home/jh/Blog/dataset/val/cat/cat.4188.jpg","cat"
"/home/jh/Blog/dataset/val/cat/cat.4113.jpg","cat"
"/home/jh/Blog/dataset/val/cat/cat.418.jpg","cat"
"/home/jh/Blog/dataset/val/cat/cat.5180.jpg","cat"
"/home/jh/Blog/dataset/val/cat/cat.7278.jpg","cat"
"/home/jh/Blog/dataset/val/cat/cat.8063.jpg","cat"
"/home/jh/Blog/dataset/val/cat/cat.7305.jpg","cat"
"/home/jh/Blog/dataset/val/cat/cat.6707.jpg","cat"
"/home/jh/Blog/dataset/val/cat/cat.9829.jpg","cat"
"/home/jh/Blog/dataset/val/cat/cat.6918.jpg","cat"
"/home/jh/Blog/dataset/val/cat/cat.10813.jpg","cat"
"/home/jh/Blog/dataset/val/cat/cat.5733.jpg","cat"
"/home/jh/Blog/dataset/val/cat/cat.4220.jpg","cat"
"/home/jh/Blog/dataset/val/cat/cat.11899.jpg","cat"
"/home/jh/Blog/dataset/val/cat/cat.846.jpg","cat"
"/home/jh/Blog/dataset/val/cat/cat.9931.jpg","cat"
"/home/jh/Blog/dataset/val/cat/cat.10650.jpg","cat"
"/home/jh/Blog/dataset/val/cat/cat.4694.jpg","cat"
"/home/jh/Blog/dataset/val/cat/cat.6555.jpg","cat"
"/home/jh/Blog/dataset/val/cat/cat.10954.jpg","cat"
"/home/jh/Blog/dataset/val/cat/cat.11558.jpg","cat"
"/home/jh/Blog/dataset/val/cat/cat.9269.jpg","cat"
"/home/jh/Blog/dataset/val/cat/cat.2400.jpg","cat"
"/home/jh/Blog/dataset/val/cat/cat.4711.jpg","cat"
"/home/jh/Blog/dataset/val/cat/cat.5571.jpg","cat"
"/home/jh/Blog/dataset/val/cat/cat.10987.jpg","cat"
"/home/jh/Blog/dataset/val/cat/cat.8448.jpg","cat"
"/home/jh/Blog/dataset/val/cat/cat.9326.jpg","cat"
"/home/jh/Blog/dataset/val/cat/cat.8188.jpg","cat"
"/home/jh/Blog/dataset/val/cat/cat.3149.jpg","cat"
"/home/jh/Blog/dataset/val/cat/cat.5075.jpg","cat"
"/home/jh/Blog/dataset/val/cat/cat.5368.jpg","cat"
"/home/jh/Blog/dataset/val/cat/cat.3212.jpg","cat"
"/home/jh/Blog/dataset/val/cat/cat.5200.jpg","cat"
"/home/jh/Blog/dataset/val/cat/cat.7932.jpg","cat"
"/home/jh/Blog/dataset/val/cat/cat.303.jpg","cat"
"/home/jh/Blog/dataset/val/cat/cat.1215.jpg","cat"
"/home/jh/Blog/dataset/val/cat/cat.11134.jpg","cat"
"/home/jh/Blog/dataset/val/cat/cat.8464.jpg","cat"
"/home/jh/Blog/dataset/val/cat/cat.4174.jpg","cat"
"/home/jh/Blog/dataset/val/cat/cat.2777.jpg","cat"
"/home/jh/Blog/dataset/val/cat/cat.9586.jpg","cat"
"/home/jh/Blog/dataset/val/cat/cat.5294.jpg","cat"
"/home/jh/Blog/dataset/val/cat/cat.6355.jpg","cat"
"/home/jh/Blog/dataset/val/cat/cat.6479.jpg","cat"
"/home/jh/Blog/dataset/val/cat/cat.3632.jpg","cat"
"/home/jh/Blog/dataset/val/cat/cat.7035.jpg","cat"
"/home/jh/Blog/dataset/val/cat/cat.2227.jpg","cat"
"/home/jh/Blog/dataset/val/cat/cat.2795.jpg","cat"
"/home/jh/Blog/dataset/val/cat/cat.10730.jpg","cat"
"/home/jh/Blog/dataset/val/cat/cat.6106.jpg","cat"
"/home/jh/Blog/dataset/val/cat/cat.3444.jpg","cat"
"/home/jh/Blog/dataset/val/cat/cat.5489.jpg","cat"
"/home/jh/Blog/dataset/val/cat/cat.1928.jpg","cat"
"/home/jh/Blog/dataset/val/cat/cat.2382.jpg","cat"
"/home/jh/Blog/dataset/val/cat/cat.9563.jpg","cat"
"/home/jh/Blog/dataset/val/cat/cat.3042.jpg","cat"
"/home/jh/Blog/dataset/val/cat/cat.9025.jpg","cat"
"/home/jh/Blog/dataset/val/cat/cat.12259.jpg","cat"
"/home/jh/Blog/dataset/val/cat/cat.11161.jpg","cat"
"/home/jh/Blog/dataset/val/cat/cat.1305.jpg","cat"
"/home/jh/Blog/dataset/val/cat/cat.10338.jpg","cat"
"/home/jh/Blog/dataset/val/cat/cat.10236.jpg","cat"
"/home/jh/Blog/dataset/val/cat/cat.3542.jpg","cat"
"/home/jh/Blog/dataset/val/cat/cat.225.jpg","cat"
"/home/jh/Blog/dataset/val/cat/cat.5487.jpg","cat"
"/home/jh/Blog/dataset/val/cat/cat.9465.jpg","cat"
"/home/jh/Blog/dataset/val/cat/cat.11525.jpg","cat"
"/home/jh/Blog/dataset/val/cat/cat.7839.jpg","cat"
"/home/jh/Blog/dataset/val/cat/cat.12270.jpg","cat"
"/home/jh/Blog/dataset/val/cat/cat.7293.jpg","cat"
"/home/jh/Blog/dataset/val/cat/cat.6803.jpg","cat"
"/home/jh/Blog/dataset/val/cat/cat.5161.jpg","cat"
"/home/jh/Blog/dataset/val/cat/cat.11002.jpg","cat"
"/home/jh/Blog/dataset/val/cat/cat.6976.jpg","cat"
"/home/jh/Blog/dataset/val/cat/cat.11128.jpg","cat"
"/home/jh/Blog/dataset/val/cat/cat.3796.jpg","cat"
"/home/jh/Blog/dataset/val/cat/cat.11349.jpg","cat"
"/home/jh/Blog/dataset/val/cat/cat.5191.jpg","cat"
"/home/jh/Blog/dataset/val/cat/cat.10995.jpg","cat"
"/home/jh/Blog/dataset/val/cat/cat.6163.jpg","cat"
"/home/jh/Blog/dataset/val/cat/cat.11458.jpg","cat"
"/home/jh/Blog/dataset/val/cat/cat.10966.jpg","dog"
"/home/jh/Blog/dataset/val/cat/cat.12337.jpg","cat"
"/home/jh/Blog/dataset/val/cat/cat.2314.jpg","cat"
"/home/jh/Blog/dataset/val/cat/cat.2776.jpg","cat"
"/home/jh/Blog/dataset/val/cat/cat.11399.jpg","dog"
"/home/jh/Blog/dataset/val/cat/cat.8559.jpg","cat"
"/home/jh/Blog/dataset/val/cat/cat.6859.jpg","cat"
"/home/jh/Blog/dataset/val/cat/cat.3811.jpg","cat"
"/home/jh/Blog/dataset/val/cat/cat.1762.jpg","cat"
"/home/jh/Blog/dataset/val/cat/cat.959.jpg","cat"
"/home/jh/Blog/dataset/val/cat/cat.3775.jpg","cat"
"/home/jh/Blog/dataset/val/cat/cat.4411.jpg","cat"
"/home/jh/Blog/dataset/val/cat/cat.6224.jpg","cat"
"/home/jh/Blog/dataset/val/cat/cat.1918.jpg","cat"
"/home/jh/Blog/dataset/val/cat/cat.3303.jpg","cat"
"/home/jh/Blog/dataset/val/cat/cat.11805.jpg","cat"
"/home/jh/Blog/dataset/val/cat/cat.9367.jpg","cat"
"/home/jh/Blog/dataset/val/cat/cat.6579.jpg","cat"
"/home/jh/Blog/dataset/val/cat/cat.10880.jpg","cat"
"/home/jh/Blog/dataset/val/cat/cat.9468.jpg","cat"
"/home/jh/Blog/dataset/val/cat/cat.9411.jpg","cat"
"/home/jh/Blog/dataset/val/cat/cat.9291.jpg","cat"
"/home/jh/Blog/dataset/val/cat/cat.9489.jpg","cat"
"/home/jh/Blog/dataset/val/cat/cat.6504.jpg","cat"
"/home/jh/Blog/dataset/val/cat/cat.9138.jpg","cat"
"/home/jh/Blog/dataset/val/cat/cat.9308.jpg","cat"
"/home/jh/Blog/dataset/val/cat/cat.11249.jpg","cat"
"/home/jh/Blog/dataset/val/cat/cat.5298.jpg","cat"
"/home/jh/Blog/dataset/val/cat/cat.4417.jpg","cat"
"/home/jh/Blog/dataset/val/cat/cat.8578.jpg","cat"
"/home/jh/Blog/dataset/val/cat/cat.2298.jpg","cat"
"/home/jh/Blog/dataset/val/cat/cat.8505.jpg","cat"
"/home/jh/Blog/dataset/val/cat/cat.11188.jpg","cat"
"/home/jh/Blog/dataset/val/cat/cat.10636.jpg","cat"
"/home/jh/Blog/dataset/val/cat/cat.2506.jpg","cat"
"/home/jh/Blog/dataset/val/cat/cat.9058.jpg","cat"
"/home/jh/Blog/dataset/val/cat/cat.7508.jpg","cat"
"/home/jh/Blog/dataset/val/cat/cat.3284.jpg","cat"
"/home/jh/Blog/dataset/val/cat/cat.947.jpg","cat"
"/home/jh/Blog/dataset/val/cat/cat.3950.jpg","cat"
"/home/jh/Blog/dataset/val/cat/cat.5232.jpg","cat"
"/home/jh/Blog/dataset/val/cat/cat.11803.jpg","cat"
"/home/jh/Blog/dataset/val/cat/cat.509.jpg","cat"
"/home/jh/Blog/dataset/val/cat/cat.8876.jpg","cat"
"/home/jh/Blog/dataset/val/cat/cat.5383.jpg","cat"
"/home/jh/Blog/dataset/val/cat/cat.2442.jpg","cat"
"/home/jh/Blog/dataset/val/cat/cat.12184.jpg","cat"
"/home/jh/Blog/dataset/val/cat/cat.3931.jpg","cat"
"/home/jh/Blog/dataset/val/cat/cat.3586.jpg","cat"
"/home/jh/Blog/dataset/val/cat/cat.12247.jpg","cat"
"/home/jh/Blog/dataset/val/cat/cat.2897.jpg","cat"
"/home/jh/Blog/dataset/val/cat/cat.3938.jpg","cat"
"/home/jh/Blog/dataset/val/cat/cat.5382.jpg","cat"
"/home/jh/Blog/dataset/val/cat/cat.3400.jpg","cat"
"/home/jh/Blog/dataset/val/cat/cat.10276.jpg","cat"
"/home/jh/Blog/dataset/val/cat/cat.1408.jpg","cat"
"/home/jh/Blog/dataset/val/cat/cat.10969.jpg","cat"
"/home/jh/Blog/dataset/val/cat/cat.4527.jpg","cat"
"/home/jh/Blog/dataset/val/cat/cat.112.jpg","cat"
"/home/jh/Blog/dataset/val/cat/cat.4267.jpg","cat"
"/home/jh/Blog/dataset/val/cat/cat.6228.jpg","cat"
"/home/jh/Blog/dataset/val/cat/cat.8642.jpg","cat"
"/home/jh/Blog/dataset/val/cat/cat.5378.jpg","cat"
"/home/jh/Blog/dataset/val/cat/cat.2483.jpg","cat"
"/home/jh/Blog/dataset/val/cat/cat.6377.jpg","cat"
"/home/jh/Blog/dataset/val/cat/cat.4078.jpg","cat"
"/home/jh/Blog/dataset/val/cat/cat.11522.jpg","cat"
"/home/jh/Blog/dataset/val/cat/cat.6878.jpg","cat"
"/home/jh/Blog/dataset/val/cat/cat.3016.jpg","cat"
"/home/jh/Blog/dataset/val/cat/cat.7822.jpg","cat"
"/home/jh/Blog/dataset/val/cat/cat.5270.jpg","cat"
"/home/jh/Blog/dataset/val/cat/cat.10072.jpg","cat"
"/home/jh/Blog/dataset/val/cat/cat.3871.jpg","cat"
"/home/jh/Blog/dataset/val/cat/cat.10909.jpg","cat"
"/home/jh/Blog/dataset/val/cat/cat.11828.jpg","cat"
"/home/jh/Blog/dataset/val/cat/cat.7808.jpg","cat"
"/home/jh/Blog/dataset/val/cat/cat.48.jpg","cat"
"/home/jh/Blog/dataset/val/cat/cat.4806.jpg","cat"
"/home/jh/Blog/dataset/val/cat/cat.1579.jpg","cat"
"/home/jh/Blog/dataset/val/cat/cat.4720.jpg","cat"
"/home/jh/Blog/dataset/val/cat/cat.12044.jpg","cat"
"/home/jh/Blog/dataset/val/cat/cat.11489.jpg","cat"
"/home/jh/Blog/dataset/val/cat/cat.4364.jpg","cat"
"/home/jh/Blog/dataset/val/cat/cat.8346.jpg","cat"
"/home/jh/Blog/dataset/val/cat/cat.3321.jpg","cat"
"/home/jh/Blog/dataset/val/cat/cat.928.jpg","cat"
"/home/jh/Blog/dataset/val/cat/cat.6834.jpg","cat"
"/home/jh/Blog/dataset/val/cat/cat.10574.jpg","cat"
"/home/jh/Blog/dataset/val/cat/cat.3133.jpg","cat"
"/home/jh/Blog/dataset/val/cat/cat.8229.jpg","cat"
"/home/jh/Blog/dataset/val/cat/cat.308.jpg","cat"
"/home/jh/Blog/dataset/val/cat/cat.12101.jpg","cat"
"/home/jh/Blog/dataset/val/cat/cat.4104.jpg","cat"
"/home/jh/Blog/dataset/val/cat/cat.6121.jpg","cat"
"/home/jh/Blog/dataset/val/cat/cat.5714.jpg","cat"
"/home/jh/Blog/dataset/val/cat/cat.822.jpg","cat"
"/home/jh/Blog/dataset/val/cat/cat.7770.jpg","cat"
"/home/jh/Blog/dataset/val/cat/cat.4185.jpg","cat"
"/home/jh/Blog/dataset/val/cat/cat.6771.jpg","cat"
"/home/jh/Blog/dataset/val/cat/cat.7796.jpg","cat"
"/home/jh/Blog/dataset/val/cat/cat.11986.jpg","cat"
"/home/jh/Blog/dataset/val/cat/cat.3840.jpg","cat"
"/home/jh/Blog/dataset/val/cat/cat.4301.jpg","cat"
"/home/jh/Blog/dataset/val/cat/cat.4302.jpg","cat"
"/home/jh/Blog/dataset/val/cat/cat.10771.jpg","cat"
"/home/jh/Blog/dataset/val/cat/cat.1804.jpg","cat"
"/home/jh/Blog/dataset/val/cat/cat.5231.jpg","cat"
"/home/jh/Blog/dataset/val/cat/cat.8400.jpg","cat"
"/home/jh/Blog/dataset/val/cat/cat.11845.jpg","cat"
"/home/jh/Blog/dataset/val/cat/cat.11895.jpg","cat"
"/home/jh/Blog/dataset/val/cat/cat.2663.jpg","cat"
"/home/jh/Blog/dataset/val/cat/cat.9617.jpg","cat"
"/home/jh/Blog/dataset/val/cat/cat.7957.jpg","cat"
"/home/jh/Blog/dataset/val/cat/cat.4652.jpg","cat"
"/home/jh/Blog/dataset/val/cat/cat.12271.jpg","cat"
"/home/jh/Blog/dataset/val/cat/cat.5664.jpg","cat"
"/home/jh/Blog/dataset/val/cat/cat.1491.jpg","cat"
"/home/jh/Blog/dataset/val/cat/cat.6200.jpg","cat"
"/home/jh/Blog/dataset/val/cat/cat.12281.jpg","cat"
"/home/jh/Blog/dataset/val/cat/cat.7210.jpg","cat"
"/home/jh/Blog/dataset/val/cat/cat.5532.jpg","cat"
"/home/jh/Blog/dataset/val/cat/cat.5626.jpg","cat"
"/home/jh/Blog/dataset/val/cat/cat.1906.jpg","dog"
"/home/jh/Blog/dataset/val/cat/cat.3312.jpg","cat"
"/home/jh/Blog/dataset/val/cat/cat.11582.jpg","cat"
"/home/jh/Blog/dataset/val/cat/cat.7184.jpg","cat"
"/home/jh/Blog/dataset/val/cat/cat.10462.jpg","cat"
"/home/jh/Blog/dataset/val/cat/cat.3748.jpg","cat"
"/home/jh/Blog/dataset/val/cat/cat.1190.jpg","cat"
"/home/jh/Blog/dataset/val/cat/cat.10620.jpg","cat"
"/home/jh/Blog/dataset/val/cat/cat.4627.jpg","cat"
"/home/jh/Blog/dataset/val/cat/cat.9684.jpg","cat"
"/home/jh/Blog/dataset/val/cat/cat.8554.jpg","cat"
"/home/jh/Blog/dataset/val/cat/cat.2862.jpg","cat"
"/home/jh/Blog/dataset/val/cat/cat.5810.jpg","cat"
"/home/jh/Blog/dataset/val/cat/cat.12351.jpg","cat"
"/home/jh/Blog/dataset/val/cat/cat.8007.jpg","cat"
"/home/jh/Blog/dataset/val/cat/cat.12109.jpg","cat"
"/home/jh/Blog/dataset/val/cat/cat.4143.jpg","cat"
"/home/jh/Blog/dataset/val/cat/cat.2063.jpg","cat"
"/home/jh/Blog/dataset/val/cat/cat.7630.jpg","cat"
"/home/jh/Blog/dataset/val/cat/cat.10603.jpg","cat"
"/home/jh/Blog/dataset/val/cat/cat.8812.jpg","cat"
"/home/jh/Blog/dataset/val/cat/cat.4505.jpg","cat"
"/home/jh/Blog/dataset/val/cat/cat.2088.jpg","cat"
"/home/jh/Blog/dataset/val/cat/cat.9543.jpg","cat"
"/home/jh/Blog/dataset/val/cat/cat.4923.jpg","cat"
"/home/jh/Blog/dataset/val/cat/cat.1202.jpg","cat"
"/home/jh/Blog/dataset/val/cat/cat.2753.jpg","cat"
"/home/jh/Blog/dataset/val/cat/cat.8509.jpg","cat"
"/home/jh/Blog/dataset/val/cat/cat.6045.jpg","cat"
"/home/jh/Blog/dataset/val/cat/cat.2231.jpg","cat"
"/home/jh/Blog/dataset/val/cat/cat.3355.jpg","cat"
"/home/jh/Blog/dataset/val/cat/cat.172.jpg","cat"
"/home/jh/Blog/dataset/val/cat/cat.8127.jpg","cat"
"/home/jh/Blog/dataset/val/cat/cat.5832.jpg","cat"
"/home/jh/Blog/dataset/val/cat/cat.9064.jpg","cat"
"/home/jh/Blog/dataset/val/cat/cat.8860.jpg","cat"
"/home/jh/Blog/dataset/val/cat/cat.4738.jpg","cat"
"/home/jh/Blog/dataset/val/cat/cat.587.jpg","cat"
"/home/jh/Blog/dataset/val/cat/cat.2858.jpg","cat"
"/home/jh/Blog/dataset/val/cat/cat.1692.jpg","cat"
"/home/jh/Blog/dataset/val/cat/cat.4594.jpg","cat"
"/home/jh/Blog/dataset/val/cat/cat.9194.jpg","cat"
"/home/jh/Blog/dataset/val/cat/cat.7494.jpg","cat"
"/home/jh/Blog/dataset/val/cat/cat.11832.jpg","cat"
"/home/jh/Blog/dataset/val/cat/cat.3537.jpg","cat"
"/home/jh/Blog/dataset/val/cat/cat.5040.jpg","cat"
"/home/jh/Blog/dataset/val/cat/cat.5077.jpg","cat"
"/home/jh/Blog/dataset/val/cat/cat.2198.jpg","cat"
"/home/jh/Blog/dataset/val/cat/cat.295.jpg","cat"
"/home/jh/Blog/dataset/val/cat/cat.4837.jpg","cat"
"/home/jh/Blog/dataset/val/cat/cat.7117.jpg","cat"
"/home/jh/Blog/dataset/val/cat/cat.4354.jpg","cat"
"/home/jh/Blog/dataset/val/cat/cat.7469.jpg","cat"
"/home/jh/Blog/dataset/val/cat/cat.754.jpg","cat"
"/home/jh/Blog/dataset/val/cat/cat.11474.jpg","cat"
"/home/jh/Blog/dataset/val/cat/cat.8234.jpg","cat"
"/home/jh/Blog/dataset/val/cat/cat.5959.jpg","cat"
"/home/jh/Blog/dataset/val/cat/cat.6268.jpg","cat"
"/home/jh/Blog/dataset/val/cat/cat.4093.jpg","cat"
"/home/jh/Blog/dataset/val/cat/cat.6952.jpg","cat"
"/home/jh/Blog/dataset/val/cat/cat.3513.jpg","cat"
"/home/jh/Blog/dataset/val/cat/cat.882.jpg","cat"
"/home/jh/Blog/dataset/val/cat/cat.623.jpg","cat"
"/home/jh/Blog/dataset/val/cat/cat.4083.jpg","cat"
"/home/jh/Blog/dataset/val/cat/cat.3713.jpg","cat"
"/home/jh/Blog/dataset/val/cat/cat.915.jpg","cat"
"/home/jh/Blog/dataset/val/cat/cat.3962.jpg","cat"
"/home/jh/Blog/dataset/val/cat/cat.12327.jpg","cat"
"/home/jh/Blog/dataset/val/cat/cat.10745.jpg","cat"
"/home/jh/Blog/dataset/val/cat/cat.8917.jpg","cat"
"/home/jh/Blog/dataset/val/cat/cat.8254.jpg","cat"
"/home/jh/Blog/dataset/val/cat/cat.12114.jpg","cat"
"/home/jh/Blog/dataset/val/cat/cat.5823.jpg","cat"
"/home/jh/Blog/dataset/val/cat/cat.7019.jpg","cat"
"/home/jh/Blog/dataset/val/cat/cat.11691.jpg","cat"
"/home/jh/Blog/dataset/val/cat/cat.7557.jpg","cat"
"/home/jh/Blog/dataset/val/cat/cat.8293.jpg","cat"
"/home/jh/Blog/dataset/val/cat/cat.6652.jpg","cat"
"/home/jh/Blog/dataset/val/cat/cat.1124.jpg","cat"
"/home/jh/Blog/dataset/val/cat/cat.2058.jpg","cat"
"/home/jh/Blog/dataset/val/cat/cat.8768.jpg","cat"
"/home/jh/Blog/dataset/val/cat/cat.5617.jpg","cat"
"/home/jh/Blog/dataset/val/cat/cat.5411.jpg","cat"
"/home/jh/Blog/dataset/val/cat/cat.12020.jpg","cat"
"/home/jh/Blog/dataset/val/cat/cat.7099.jpg","cat"
"/home/jh/Blog/dataset/val/cat/cat.2799.jpg","cat"
"/home/jh/Blog/dataset/val/cat/cat.9955.jpg","cat"
"/home/jh/Blog/dataset/val/cat/cat.10443.jpg","cat"
"/home/jh/Blog/dataset/val/cat/cat.2322.jpg","cat"
"/home/jh/Blog/dataset/val/cat/cat.5991.jpg","cat"
"/home/jh/Blog/dataset/val/cat/cat.4012.jpg","cat"
"/home/jh/Blog/dataset/val/cat/cat.6405.jpg","cat"
"/home/jh/Blog/dataset/val/cat/cat.2924.jpg","dog"
"/home/jh/Blog/dataset/val/cat/cat.1422.jpg","cat"
"/home/jh/Blog/dataset/val/cat/cat.4203.jpg","cat"
"/home/jh/Blog/dataset/val/cat/cat.755.jpg","cat"
"/home/jh/Blog/dataset/val/cat/cat.7670.jpg","cat"
"/home/jh/Blog/dataset/val/cat/cat.10923.jpg","cat"
"/home/jh/Blog/dataset/val/cat/cat.12089.jpg","cat"
"/home/jh/Blog/dataset/val/cat/cat.7355.jpg","cat"
"/home/jh/Blog/dataset/val/cat/cat.8050.jpg","cat"
"/home/jh/Blog/dataset/val/cat/cat.5806.jpg","cat"
"/home/jh/Blog/dataset/val/cat/cat.6188.jpg","cat"
"/home/jh/Blog/dataset/val/cat/cat.5688.jpg","cat"
"/home/jh/Blog/dataset/val/cat/cat.4776.jpg","cat"
"/home/jh/Blog/dataset/val/cat/cat.1710.jpg","cat"
"/home/jh/Blog/dataset/val/cat/cat.10474.jpg","cat"
"/home/jh/Blog/dataset/val/cat/cat.1113.jpg","cat"
"/home/jh/Blog/dataset/val/cat/cat.10743.jpg","cat"
"/home/jh/Blog/dataset/val/cat/cat.2797.jpg","cat"
"/home/jh/Blog/dataset/val/cat/cat.12476.jpg","cat"
"/home/jh/Blog/dataset/val/cat/cat.10617.jpg","cat"
"/home/jh/Blog/dataset/val/cat/cat.6081.jpg","cat"
"/home/jh/Blog/dataset/val/cat/cat.4877.jpg","cat"
"/home/jh/Blog/dataset/val/cat/cat.4658.jpg","cat"
"/home/jh/Blog/dataset/val/cat/cat.9295.jpg","cat"
"/home/jh/Blog/dataset/val/cat/cat.2607.jpg","cat"
"/home/jh/Blog/dataset/val/cat/cat.10273.jpg","cat"
"/home/jh/Blog/dataset/val/cat/cat.11915.jpg","cat"
"/home/jh/Blog/dataset/val/cat/cat.5435.jpg","cat"
"/home/jh/Blog/dataset/val/cat/cat.7159.jpg","cat"
"/home/jh/Blog/dataset/val/cat/cat.7213.jpg","cat"
"/home/jh/Blog/dataset/val/cat/cat.12346.jpg","cat"
"/home/jh/Blog/dataset/val/cat/cat.5680.jpg","cat"
"/home/jh/Blog/dataset/val/cat/cat.4842.jpg","cat"
"/home/jh/Blog/dataset/val/cat/cat.5091.jpg","cat"
"/home/jh/Blog/dataset/val/cat/cat.9116.jpg","cat"
"/home/jh/Blog/dataset/val/cat/cat.3618.jpg","cat"
"/home/jh/Blog/dataset/val/cat/cat.6879.jpg","cat"
"/home/jh/Blog/dataset/val/cat/cat.12156.jpg","cat"
"/home/jh/Blog/dataset/val/cat/cat.3891.jpg","cat"
"/home/jh/Blog/dataset/val/cat/cat.5328.jpg","cat"
"/home/jh/Blog/dataset/val/cat/cat.3192.jpg","cat"
"/home/jh/Blog/dataset/val/cat/cat.3296.jpg","cat"
"/home/jh/Blog/dataset/val/cat/cat.9387.jpg","cat"
"/home/jh/Blog/dataset/val/cat/cat.3168.jpg","cat"
"/home/jh/Blog/dataset/val/cat/cat.6525.jpg","cat"
"/home/jh/Blog/dataset/val/cat/cat.6404.jpg","cat"
"/home/jh/Blog/dataset/val/cat/cat.7252.jpg","cat"
"/home/jh/Blog/dataset/val/cat/cat.4295.jpg","cat"
"/home/jh/Blog/dataset/val/cat/cat.4171.jpg","cat"
"/home/jh/Blog/dataset/val/cat/cat.4119.jpg","cat"
"/home/jh/Blog/dataset/val/cat/cat.9146.jpg","cat"
"/home/jh/Blog/dataset/val/cat/cat.8200.jpg","cat"
"/home/jh/Blog/dataset/val/cat/cat.7676.jpg","cat"
"/home/jh/Blog/dataset/val/cat/cat.7817.jpg","cat"
"/home/jh/Blog/dataset/val/cat/cat.1261.jpg","cat"
"/home/jh/Blog/dataset/val/cat/cat.1657.jpg","cat"
"/home/jh/Blog/dataset/val/cat/cat.8836.jpg","cat"
"/home/jh/Blog/dataset/val/cat/cat.4939.jpg","cat"
"/home/jh/Blog/dataset/val/cat/cat.2692.jpg","cat"
"/home/jh/Blog/dataset/val/cat/cat.12123.jpg","cat"
"/home/jh/Blog/dataset/val/cat/cat.332.jpg","cat"
"/home/jh/Blog/dataset/val/cat/cat.3855.jpg","cat"
"/home/jh/Blog/dataset/val/cat/cat.11675.jpg","cat"
"/home/jh/Blog/dataset/val/cat/cat.3267.jpg","cat"
"/home/jh/Blog/dataset/val/cat/cat.8771.jpg","cat"
"/home/jh/Blog/dataset/val/cat/cat.591.jpg","cat"
"/home/jh/Blog/dataset/val/cat/cat.3460.jpg","cat"
"/home/jh/Blog/dataset/val/cat/cat.2082.jpg","cat"
"/home/jh/Blog/dataset/val/cat/cat.7415.jpg","cat"
"/home/jh/Blog/dataset/val/cat/cat.8058.jpg","cat"
"/home/jh/Blog/dataset/val/cat/cat.10772.jpg","cat"
"/home/jh/Blog/dataset/val/cat/cat.11589.jpg","cat"
"/home/jh/Blog/dataset/val/cat/cat.7772.jpg","cat"
"/home/jh/Blog/dataset/val/cat/cat.540.jpg","cat"
"/home/jh/Blog/dataset/val/cat/cat.7203.jpg","cat"
"/home/jh/Blog/dataset/val/cat/cat.10614.jpg","cat"
"/home/jh/Blog/dataset/val/cat/cat.3009.jpg","cat"
"/home/jh/Blog/dataset/val/cat/cat.8811.jpg","cat"
"/home/jh/Blog/dataset/val/cat/cat.6950.jpg","cat"
"/home/jh/Blog/dataset/val/cat/cat.8071.jpg","cat"
"/home/jh/Blog/dataset/val/cat/cat.3498.jpg","cat"
"/home/jh/Blog/dataset/val/cat/cat.9169.jpg","cat"
"/home/jh/Blog/dataset/val/cat/cat.3910.jpg","cat"
"/home/jh/Blog/dataset/val/cat/cat.7631.jpg","cat"
"/home/jh/Blog/dataset/val/cat/cat.5172.jpg","cat"
"/home/jh/Blog/dataset/val/cat/cat.1642.jpg","cat"
"/home/jh/Blog/dataset/val/cat/cat.10881.jpg","cat"
"/home/jh/Blog/dataset/val/cat/cat.3029.jpg","cat"
"/home/jh/Blog/dataset/val/cat/cat.8926.jpg","cat"
"/home/jh/Blog/dataset/val/cat/cat.8921.jpg","other"
"/home/jh/Blog/dataset/val/cat/cat.4233.jpg","cat"
"/home/jh/Blog/dataset/val/cat/cat.10639.jpg","cat"
"/home/jh/Blog/dataset/val/cat/cat.485.jpg","cat"
"/home/jh/Blog/dataset/val/cat/cat.4452.jpg","cat"
"/home/jh/Blog/dataset/val/cat/cat.4242.jpg","cat"
"/home/jh/Blog/dataset/val/cat/cat.8992.jpg","cat"
"/home/jh/Blog/dataset/val/cat/cat.6476.jpg","cat"
"/home/jh/Blog/dataset/val/cat/cat.5188.jpg","cat"
"/home/jh/Blog/dataset/val/cat/cat.11177.jpg","cat"
"/home/jh/Blog/dataset/val/cat/cat.169.jpg","cat"
"/home/jh/Blog/dataset/val/cat/cat.9842.jpg","cat"
"/home/jh/Blog/dataset/val/cat/cat.9380.jpg","cat"
"/home/jh/Blog/dataset/val/cat/cat.8406.jpg","cat"
"/home/jh/Blog/dataset/val/cat/cat.3322.jpg","cat"
"/home/jh/Blog/dataset/val/cat/cat.7960.jpg","cat"
"/home/jh/Blog/dataset/val/cat/cat.3170.jpg","cat"
"/home/jh/Blog/dataset/val/cat/cat.5244.jpg","cat"
"/home/jh/Blog/dataset/val/cat/cat.5597.jpg","cat"
"/home/jh/Blog/dataset/val/cat/cat.7190.jpg","cat"
"/home/jh/Blog/dataset/val/cat/cat.11842.jpg","cat"
"/home/jh/Blog/dataset/val/cat/cat.12017.jpg","cat"
"/home/jh/Blog/dataset/val/cat/cat.9209.jpg","cat"
"/home/jh/Blog/dataset/val/cat/cat.1566.jpg","cat"
"/home/jh/Blog/dataset/val/cat/cat.8483.jpg","cat"
"/home/jh/Blog/dataset/val/cat/cat.11562.jpg","cat"
"/home/jh/Blog/dataset/val/cat/cat.5923.jpg","cat"
"/home/jh/Blog/dataset/val/cat/cat.2650.jpg","cat"
"/home/jh/Blog/dataset/val/cat/cat.3584.jpg","cat"
"/home/jh/Blog/dataset/val/cat/cat.2872.jpg","cat"
"/home/jh/Blog/dataset/val/cat/cat.5701.jpg","cat"
"/home/jh/Blog/dataset/val/cat/cat.7029.jpg","cat"
"/home/jh/Blog/dataset/val/cat/cat.6382.jpg","cat"
"/home/jh/Blog/dataset/val/cat/cat.4542.jpg","cat"
"/home/jh/Blog/dataset/val/cat/cat.2529.jpg","cat"
"/home/jh/Blog/dataset/val/cat/cat.11080.jpg","cat"
"/home/jh/Blog/dataset/val/cat/cat.11858.jpg","cat"
"/home/jh/Blog/dataset/val/cat/cat.8224.jpg","cat"
"/home/jh/Blog/dataset/val/cat/cat.8864.jpg","cat"
"/home/jh/Blog/dataset/val/cat/cat.1606.jpg","cat"
"/home/jh/Blog/dataset/val/cat/cat.10782.jpg","cat"
"/home/jh/Blog/dataset/val/cat/cat.7861.jpg","cat"
"/home/jh/Blog/dataset/val/cat/cat.9760.jpg","cat"
"/home/jh/Blog/dataset/val/cat/cat.8476.jpg","cat"
"/home/jh/Blog/dataset/val/cat/cat.5662.jpg","cat"
"/home/jh/Blog/dataset/val/cat/cat.8874.jpg","cat"
"/home/jh/Blog/dataset/val/cat/cat.857.jpg","cat"
"/home/jh/Blog/dataset/val/cat/cat.12291.jpg","cat"
"/home/jh/Blog/dataset/val/cat/cat.3746.jpg","cat"
"/home/jh/Blog/dataset/val/cat/cat.4602.jpg","cat"
"/home/jh/Blog/dataset/val/cat/cat.10411.jpg","cat"
"/home/jh/Blog/dataset/val/cat/cat.5631.jpg","cat"
"/home/jh/Blog/dataset/val/cat/cat.4065.jpg","cat"
"/home/jh/Blog/dataset/val/cat/cat.4786.jpg","cat"
"/home/jh/Blog/dataset/val/cat/cat.8430.jpg","cat"
"/home/jh/Blog/dataset/val/cat/cat.5078.jpg","cat"
"/home/jh/Blog/dataset/val/cat/cat.635.jpg","cat"
"/home/jh/Blog/dataset/val/cat/cat.559.jpg","cat"
"/home/jh/Blog/dataset/val/cat/cat.3422.jpg","cat"
"/home/jh/Blog/dataset/val/cat/cat.6201.jpg","cat"
"/home/jh/Blog/dataset/val/cat/cat.894.jpg","cat"
"/home/jh/Blog/dataset/val/cat/cat.1135.jpg","cat"
"/home/jh/Blog/dataset/val/cat/cat.1754.jpg","cat"
"/home/jh/Blog/dataset/val/cat/cat.10265.jpg","cat"
"/home/jh/Blog/dataset/val/cat/cat.10239.jpg","cat"
"/home/jh/Blog/dataset/val/cat/cat.5665.jpg","cat"
"/home/jh/Blog/dataset/val/cat/cat.1405.jpg","cat"
"/home/jh/Blog/dataset/val/cat/cat.5199.jpg","cat"
"/home/jh/Blog/dataset/val/cat/cat.4992.jpg","cat"
"/home/jh/Blog/dataset/val/cat/cat.10553.jpg","cat"
"/home/jh/Blog/dataset/val/cat/cat.3737.jpg","cat"
"/home/jh/Blog/dataset/val/cat/cat.7071.jpg","cat"
"/home/jh/Blog/dataset/val/cat/cat.538.jpg","cat"
"/home/jh/Blog/dataset/val/cat/cat.6082.jpg","cat"
"/home/jh/Blog/dataset/val/cat/cat.1805.jpg","cat"
"/home/jh/Blog/dataset/val/cat/cat.5250.jpg","cat"
"/home/jh/Blog/dataset/val/cat/cat.9877.jpg","cat"
"/home/jh/Blog/dataset/val/cat/cat.1189.jpg","cat"
"/home/jh/Blog/dataset/val/cat/cat.4655.jpg","cat"
"/home/jh/Blog/dataset/val/cat/cat.3925.jpg","cat"
"/home/jh/Blog/dataset/val/cat/cat.9400.jpg","cat"
"/home/jh/Blog/dataset/val/cat/cat.6921.jpg","cat"
"/home/jh/Blog/dataset/val/cat/cat.3357.jpg","cat"
"/home/jh/Blog/dataset/val/cat/cat.8703.jpg","cat"
"/home/jh/Blog/dataset/val/cat/cat.2408.jpg","cat"
"/home/jh/Blog/dataset/val/cat/cat.8980.jpg","cat"
"/home/jh/Blog/dataset/val/cat/cat.9994.jpg","cat"
"/home/jh/Blog/dataset/val/cat/cat.6530.jpg","cat"
"/home/jh/Blog/dataset/val/cat/cat.6571.jpg","cat"
"/home/jh/Blog/dataset/val/cat/cat.4250.jpg","cat"
"/home/jh/Blog/dataset/val/cat/cat.7555.jpg","cat"
"/home/jh/Blog/dataset/val/cat/cat.11612.jpg","cat"
"/home/jh/Blog/dataset/val/cat/cat.1011.jpg","cat"
"/home/jh/Blog/dataset/val/cat/cat.8927.jpg","cat"
"/home/jh/Blog/dataset/val/cat/cat.7031.jpg","cat"
"/home/jh/Blog/dataset/val/cat/cat.7814.jpg","cat"
"/home/jh/Blog/dataset/val/cat/cat.1300.jpg","cat"
"/home/jh/Blog/dataset/val/cat/cat.4444.jpg","cat"
"/home/jh/Blog/dataset/val/cat/cat.10561.jpg","cat"
"/home/jh/Blog/dataset/val/cat/cat.1314.jpg","cat"
"/home/jh/Blog/dataset/val/cat/cat.3591.jpg","cat"
"/home/jh/Blog/dataset/val/cat/cat.3026.jpg","cat"
"/home/jh/Blog/dataset/val/cat/cat.5227.jpg","cat"
"/home/jh/Blog/dataset/val/cat/cat.462.jpg","cat"
"/home/jh/Blog/dataset/val/cat/cat.1523.jpg","cat"
"/home/jh/Blog/dataset/val/cat/cat.8413.jpg","cat"
"/home/jh/Blog/dataset/val/cat/cat.6032.jpg","cat"
"/home/jh/Blog/dataset/val/cat/cat.8265.jpg","cat"
"/home/jh/Blog/dataset/val/cat/cat.9828.jpg","cat"
"/home/jh/Blog/dataset/val/cat/cat.3359.jpg","cat"
"/home/jh/Blog/dataset/val/cat/cat.4217.jpg","cat"
"/home/jh/Blog/dataset/val/cat/cat.2223.jpg","cat"
"/home/jh/Blog/dataset/val/cat/cat.6622.jpg","cat"
"/home/jh/Blog/dataset/val/cat/cat.9377.jpg","cat"
"/home/jh/Blog/dataset/val/cat/cat.4460.jpg","cat"
"/home/jh/Blog/dataset/val/cat/cat.2691.jpg","cat"
"/home/jh/Blog/dataset/val/cat/cat.4667.jpg","cat"
"/home/jh/Blog/dataset/val/cat/cat.12360.jpg","cat"
"/home/jh/Blog/dataset/val/cat/cat.118.jpg","cat"
"/home/jh/Blog/dataset/val/cat/cat.1885.jpg","cat"
"/home/jh/Blog/dataset/val/cat/cat.8556.jpg","cat"
"/home/jh/Blog/dataset/val/cat/cat.3489.jpg","cat"
"/home/jh/Blog/dataset/val/cat/cat.7400.jpg","cat"
"/home/jh/Blog/dataset/val/cat/cat.6598.jpg","cat"
"/home/jh/Blog/dataset/val/cat/cat.1547.jpg","cat"
"/home/jh/Blog/dataset/val/cat/cat.10456.jpg","cat"
"/home/jh/Blog/dataset/val/cat/cat.3015.jpg","cat"
"/home/jh/Blog/dataset/val/cat/cat.12483.jpg","cat"
"/home/jh/Blog/dataset/val/cat/cat.7431.jpg","cat"
"/home/jh/Blog/dataset/val/cat/cat.7012.jpg","cat"
"/home/jh/Blog/dataset/val/cat/cat.17.jpg","cat"
"/home/jh/Blog/dataset/val/cat/cat.11733.jpg","cat"
"/home/jh/Blog/dataset/val/cat/cat.7859.jpg","cat"
"/home/jh/Blog/dataset/val/cat/cat.8974.jpg","cat"
"/home/jh/Blog/dataset/val/cat/cat.8726.jpg","cat"
"/home/jh/Blog/dataset/val/cat/cat.7954.jpg","cat"
"/home/jh/Blog/dataset/val/cat/cat.9327.jpg","cat"
"/home/jh/Blog/dataset/val/cat/cat.11636.jpg","cat"
"/home/jh/Blog/dataset/val/cat/cat.11835.jpg","cat"
"/home/jh/Blog/dataset/val/cat/cat.3447.jpg","cat"
"/home/jh/Blog/dataset/val/cat/cat.11631.jpg","cat"
"/home/jh/Blog/dataset/val/cat/cat.8440.jpg","cat"
"/home/jh/Blog/dataset/val/cat/cat.10714.jpg","cat"
"/home/jh/Blog/dataset/val/cat/cat.6033.jpg","cat"
